12/12/2018 22.21.27,Ingegneria energetica ,Si,Assolutamente si,Non saprei,Il confronto tra stessi argomenti ma spiegati in modo diverso in base al modo di percepirli della persona ,Si,Forum,Si,"Libri, Smartphone",Che mi aiuti nello studio e chiarisca maggiormente dei concetti che possono risultare più difficili ,,
12/12/2018 22.27.09,Psicologia,Si,Assolutamente si,Si,Il fatto che se ognuno partecipa tutti si aiutano. ,Si,Chat,Si,"Libri, Smartphone",Più condivisione e più facilità nel reperire il materiale,,
12/12/2018 22.30.01,Fisica,No,Assolutamente si,No,.,No,Non lo farei,Non saprei,"Libri, Pc","Esporre in modo chiaro appunti su tutti gli argomenti che si presenteranno a un esame, senza basarsi però sugli appunti degli studenti che possono risultare errati o poco chiari quanto da fonti più attendibili quali professori o laureati nella facoltà",,
12/12/2018 22.30.31,Accademia di belle arti,Si,Assolutamente si,No,Non prendo molto appunti ,Si,Forum,Si,Pc,Tanta roba ,,
12/12/2018 22.31.27,Scienze dell'educazione e della formazione,Si,Assolutamente si,Si,La consapevolezza delle difficoltà riscontrate nel richiedere appunti ,Si,Chat,Si,"Libri, Smartphone",Appunti necessari reperibili in modo semplice ,,
12/12/2018 22.35.41,Scienze della formazione e dell’educazione,Si,Assolutamente si,Si,Aiutare gli altri,Si,Chat,Si,Libri,Un’innovazione,,
12/12/2018 22.35.46,Psicologia,No,Assolutamente si,Si,La collaborazione,Si,Chat,Si,Libri,Puntualità e precisione,,
12/12/2018 22.36.24,Scienze dell'educazione e della formazione ,No,Assolutamente si,Si,Aiutare e ricevere aiuto,Si,Chat,Si,Libri,Affidabilità ,,
12/12/2018 22.37.26,Ingegneria Informatica,Si,Assolutamente si,Si,"gli appunti li prendo gia in formato digitale, non mi peserebbe nulla se fate una buona gestione degli upload. mentre nei rari casi che prendo appunti scritti avere una feature che mi permetterebbe di fare foto e uplodare direttamente sopra sarebbe comodissimo, magari anche permettendo di mettere insieme più foto in un unico file. E se la gestione dei tag per la ricerca fosse automatizzata sarebbe perfetto. magari se implementate un sistema OCR sarebbe figo pero dipende da quanti errori fa nella trasformazione  :P",Non saprei,Forum,Si,"Libri, Pc, Smartphone","Facilità d'utilizzo, libreria aggiornata, disponibilità di appunti. La facilità nel trovare qualcosa che cerco, es ci sono corsi con stessi programmi, ma che si chiamano in modo differente. ",,
12/12/2018 22.37.42,Economia,No,Non saprei,Non saprei,-,Si,Chat,Non saprei,Libri,La possibilità di avere maggiori chiarimenti ,,
12/12/2018 22.38.54,Scienze dell'educazione e della formazione ,Si,Assolutamente si,Si,La speranza di ricevere altrettanta collaborazione ,Si,Forum,Si,Libri,Serietà e collaborazione ,,
12/12/2018 22.43.36,Economia ,Si,Assolutamente si,Non saprei,Poter usufruire di altri appunti,Si,Chat,Non saprei,"Libri, Pc, Smartphone, Tablet",Affidabilità,,
12/12/2018 22.47.22,Ingegneria,No,Assolutamente si,Si,Solidarietà ,Si,Forum,No,Libri,La volontà di creare un modo alternativo per studiare,,
12/12/2018 22.50.17,Medicina,No,Assolutamente si,Si,Altruismo,Si,Chat,Si,"Libri, Tablet","Semplificare i passaggi e risparmiare tempo, migliore raggio di condivisione",,
12/12/2018 22.50.34,Architettura,Si,Assolutamente si,Si,La laurea,Si,Chat,Si,"Libri, Pc, Tablet",La laurea,,
12/12/2018 22.57.06,Psicologia,No,Più si che no,Si,Il fatto che posso aiutare gli altri.,Non saprei,Forum,No,"Libri, Pc",Non mi aspetto nulla. ,,
12/12/2018 22.57.17,Farmacia,Si,Assolutamente si,Si,Per condividerli,Si,Forum,Si,Libri,Vantaggi nello studio,,
12/12/2018 22.59.08,Farmacia ,Si,Assolutamente si,Si,Non mi dispiace aiutare gli altri e sopratutto può essere per tutti uno spunto per poter ripassare ,Si,Forum,Si,Libri,Partecipazione da parte di tutti e giusta organizzazione ,,
12/12/2018 23.00.07,Medicina,Si,Assolutamente si,Si,Perché capisco la situazione in cui si trovano ,Si,Chat,Si,"Libri, Pc","Avere appunti, esercizi di cui ho bisogno di tutte le materie, consigli su come preparare e affrontare l'esame, sapere su quali argomenti concentrarmi maggiormente",,
12/12/2018 23.00.09,Farmacia,Si,Assolutamente si,Si,Sapere di fare qualcosa di utile per gli altri,Si,Chat,Si,Libri,Maggiore condivisione degli appunti,,
12/12/2018 23.01.31,SFA,Si,Assolutamente si,Si,Altruismo,Si,Chat,Si,Libri,Efficienza ,,
12/12/2018 23.01.39,Scienze Politiche,No,Assolutamente si,Non saprei,Solidarietà sociale,Si,Forum,No,"Libri, Pc",Di facilitare la reperibilità degli appunti diminuendo le spese su libri o altri appunti e incoraggiando la socialità tra studenti,,
12/12/2018 23.01.45,Ingegneria Gestionale,No,Assolutamente si,Non saprei,Amor comune,Non saprei,Chat,Non saprei,Libri,Facile da usare ,,
12/12/2018 23.03.15,Medicina,Si,Assolutamente si,Non saprei,Non so,Si,Chat,Si,Libri,Non so,,
12/12/2018 23.03.48,Medicina e Chirurgia,Si,Assolutamente si,Si,Lo stesso in cambio,Si,Chat,Si,"Libri, Smartphone",Maggior opportunità di confronto,,
12/12/2018 23.04.30,medicina,Si,Assolutamente si,Si,condivisione,Si,Chat,Si,"Libri, Pc, Smartphone",facilità a trovare appunti,,
12/12/2018 23.04.48,Ingegneria gestionale ,Si,Assolutamente si,Non saprei,Aiutare gli altri,Si,Forum,No,Libri,Esercizi utili,,
12/12/2018 23.06.03,Ingegneria,No,Assolutamente si,Si,Più siamo meglio è,Non saprei,Forum,Si,"Pc, Smartphone, Tablet","Una buona catalogazione, un incentivo a condividere appunti ed un sistema per dare votazioni",,
12/12/2018 23.06.24,Ingegneria gestionale,No,Assolutamente si,Si,Aiuto reciproco,Si,Forum,Si,Libri,Di avere il materiale sufficiente a passare gli esami ,,
12/12/2018 23.06.51,Ingegneria gestionale ,Si,Assolutamente si,Non saprei,Vorrei aiutare gli altri come vorrei essere aiutato io,Si,Chat,Non saprei,"Libri, Pc",Una migliore reperibilità delle Informazioni ,,
12/12/2018 23.07.04,Farmacia e medicina,Si,Assolutamente si,Si,È sempre un piacere aiutare il prossimo,Si,Chat,Si,"Libri, Smartphone",Che aiuti molti studenti,,
12/12/2018 23.07.14,Ingegneria ,Si,Assolutamente si,Non saprei,I,Si,Chat,Si,"Libri, Pc",I,,
12/12/2018 23.07.43,Ingegneria Gestionale,No,Più si che no,Si,Non ci perdo niente + gloria eterna,Si,Chat,Si,"Libri, Pc, Smartphone",Mi pare un'idea promettente,,
12/12/2018 23.08.09,Medicina,No,Assolutamente si,Non saprei,Poter usufruire degli appunti degli altri,Si,Forum,Si,Libri, Che renda più semplice la condivisione degli appunti,,
12/12/2018 23.08.20,Ingegneria,No,Assolutamente si,Si,"La possibilità di avere più versioni possibili dei concetti espressi, quindi migliori probabilità di comprendere con facilità la materia. Senza dover attenersi solo a slide poco specifiche e libri troppo specifici",Si,Chat,No,"Libri, Pc, Smartphone",Che sia legale(?),,
12/12/2018 23.08.22,Farmacia,Si,Assolutamente si,Si,Poterne ricevere altri,Si,Forum,Si,Libri,Possibilità di studiare meglio,,
12/12/2018 23.10.07,Medicina e chirurgia,Si,Assolutamente si,Si,Aiuto,Si,Forum,Si,"Libri, Pc",Aiuto,,
12/12/2018 23.10.21,Ing.Elettrotecnica,No,Assolutamente si,Si,"Buonsenso, se avessi trovato io un servizio del genere quando ho cominciato sarebbe stato diverso. Meno tempo perso.",Si,Forum,Si,"Pc, Tablet","Efficienza, soprattutto ottima gestione, e se funziona mi aspetto che l'impatto al carico universitario (rispetto alle superiori) per i nuovi studenti sia ridotto di molto.",,
12/12/2018 23.10.25,Ignegneria Gestionale,Si,Assolutamente si,Si,Mantenere il servizio attivo e ricambiare l’aiuto che gli altri danno a me pubblicando i loro,Non saprei,Chat,Si,"Libri, Pc",Rapidità di risposta e un vasto database di appunti ,,
12/12/2018 23.11.27,Medicina ,Si,Assolutamente si,Si,Aiutare gli altri in modo tale da poter essere aiutato quando mi trovo nella stessa situazione,Si,Chat,Non saprei,"Libri, Pc, Smartphone","Utilizzo semplice e chiaro per trovare subito quello che cerchi (il sito di e-learning è impossibile da utilizzare, pur di non perdere tempo preferisco non scaricare le slide)",,
12/12/2018 23.11.55,Fisica,No,Assolutamente si,Si,La conoscenza è pubblica,Non saprei,Forum,Si,"Libri, Pc",Semplicità e risorse,,
12/12/2018 23.12.15,Ingegneria ,Si,Assolutamente si,Si,Per avere esami con più facilità da prepare e metterci meno tempo! ,Si,Chat,Si,"Libri, Pc",Efficienza in tempo e qualità ,,
12/12/2018 23.12.39,Farmacia,Si,Assolutamente si,Si,Migliorare i risultati degli esami ed ottimizzare i tempi per prepararli,Non saprei,Forum,Non saprei,"Libri, Pc",Maggior numero possibile di materiale su cui studiare,,
12/12/2018 23.13.11,Medicina,No,Più si che no,Non saprei,La consapevolezza che può aiutare,Si,Forum,Si,"Libri, Tablet",Che aiuti,,
12/12/2018 23.13.14,Farmacia,Si,Assolutamente si,Si,Il confronto con gli altri,Si,Chat,Si,"Libri, Tablet",Praticità,,
12/12/2018 23.13.29,Ingegneria gestionale ,Si,Assolutamente si,Si,Il bisogno ,Si,Chat,Si,"Libri, Pc",Il top,,
12/12/2018 23.13.31,Medicina,No,Assolutamente si,Si,La reciprocità,Si,Chat,Si,"Libri, Pc","Velocità, facilità di utilizzo",,
12/12/2018 23.15.01,Medicina,Si,Assolutamente si,Si,La voglia di aiutare chi sta nella mia stessa situazione ,Si,Forum,Si,Libri,Una sorta di archivio con gli appunti e le spiegazioni interattivi,,
12/12/2018 23.15.01,Medicina e chirurgia,No,Assolutamente si,Si,Non penso che evitare di aiutare gli altri mi renderà un professionista migliore di loro.,Si,Chat,Si,Libri,Mi aspetto una piattaforma ben organizzata dove poter trovare gli strumenti necessari per agevolarmi nello studio,,
12/12/2018 23.15.23,Farmacia,Si,Assolutamente si,Non saprei,Cosa?,Si,Chat,Si,"Libri, Pc",Che sia di aiuto per noi studenti,,
12/12/2018 23.15.45,Medicina e Chirurgia,Si,Assolutamente si,No,Solo per gli amici,Si,Chat,Si,"Libri, Pc, Smartphone, Tablet",Che cracca dopo 2 giorni,,
12/12/2018 23.16.35,Medicina e chirurgia,Si,Assolutamente si,Si,Aiutare gli altri aiuta anche me,Si,Forum,Si,"Libri, Pc",Praticità e aiuto per superare gli esami,,
12/12/2018 23.18.11,Psicologia ,No,Assolutamente si,Non saprei,Non lo so,Si,Chat,Si,"Pc, Tablet",Affidabilità ,,
12/12/2018 23.21.15,Medicina ,Si,Assolutamente si,Si,Condivisione,Si,Chat,Si,"Libri, Pc",Che sia funzionale ,,
12/12/2018 23.21.59,Ingegneria gestionale ,Si,Assolutamente si,Si,L'aiuto reciproco,Si,Chat,Si,Libri,Una catalogazione dettagliata di corsi e materie e la possibilitá di esprimere giudizi sugli appunti ,,
12/12/2018 23.23.14,Medicina,No,Assolutamente si,Si,Posso aiutare gli altri ,Si,Non lo farei,No,"Libri, Smartphone",Vorrei poter avere tutti gli esercizi su una piattaforma ,,
12/12/2018 23.24.31,Giurisprudenza,No,Assolutamente si,Non saprei,L’aiuto reciproco,Si,Chat,Non saprei,Libri,Penso che sia utile,,
12/12/2018 23.24.43,Giurisprudenza ,No,Assolutamente si,Non saprei,Aiutare gli altri ,Non saprei,Chat,Non saprei,Libri,Altruismo,,
12/12/2018 23.24.51,Design ,No,Assolutamente si,Non saprei,Velocità di apprendimento ,Si,Chat,Si,Pc,Più collaborazione ,,
12/12/2018 23.25.42,Economia,Si,Assolutamente si,Non saprei,Poter essere ricambiato.,Non saprei,Forum,Si,"Libri, Pc",Che diventi utile a tutti gli studenti e quindi tutti abbiano completezza di materiale su cui studiare.,,
12/12/2018 23.27.08,Lingue,No,Assolutamente si,Si,Il mio altruismo,Non saprei,Chat,Non saprei,Libri,Correttezza degli appunti,,
12/12/2018 23.28.00,Scienze politiche e relazioni internazionali ,Si,Assolutamente si,Si,Perché come ne ho bisogno io ne hanno bisogno gli altri,Si,Chat,Si,Libri,Avere appunti più facilmente ,,
12/12/2018 23.29.07,Scienze dell’Educazione e della formazione ,Si,Assolutamente si,Si,Perché so che aiuterei qualcuno nella mia stessa situazione,Si,Chat,Si,Libri,Comprensione,,
12/12/2018 23.29.20,MEDICINA E CHIRURGIA ,Si,Assolutamente si,No,Dare una mano agli altri ,Si,Chat,Si,Libri,Che migliori e faciliti il mio studio ,,
12/12/2018 23.29.30,Economia,No,Assolutamente si,Non saprei,L'aiuto reciproco,Si,Forum,Si,"Libri, Pc",Partecipazione,,
12/12/2018 23.30.40,Scienze biologiche ,Si,Assolutamente si,Si,"Poter dare una mano, e basta ",Si,Chat,Si,Libri,Un grande aiuto ,,
12/12/2018 23.30.45,Ingegneria ,Si,Assolutamente si,Si,L’union Fa la forza ,Si,Forum,Non saprei,"Libri, Pc",Professionalità ,,
12/12/2018 23.32.52,Medicina,Si,Assolutamente si,Non saprei,Dipende in che modo,No,Non lo farei,Si,Libri,Esemplificazione dei concetti,,
12/12/2018 23.36.02,Medicina e Chirurgia ,Si,Assolutamente si,Si,Aiuto reciproco ,Si,Chat,Si,Pc,Miglioramenti ,,
12/12/2018 23.37.16,Medicina e chirurgia ,Si,Assolutamente si,Si,Spirito di collaborazione con altri studenti,Si,Chat,Si,Libri,Poter facilitare il mio studio ,,
12/12/2018 23.39.52,Medicina,Si,Assolutamente si,Si,Aiuto reciproco,Si,Chat,Si,Libri,"Lavoro di squadra, sostegno",,
12/12/2018 23.40.33,Economia ,No,Assolutamente si,Si,Solidarietà ,Si,Chat,Si,"Libri, Pc",Gli argomenti chiave per un risultato ottimale con il minimo sforzo.,,
12/12/2018 23.41.10,Medicina e Chirurgia,No,Assolutamente si,Si,Sapere di poter essere utile agli altri ,Si,Chat,Si,Libri,Più fonti da cui studiare,,
12/12/2018 23.41.31,Geologia,Si,Assolutamente si,Si,Non lo so,Si,Chat,Si,"Pc, Smartphone",Non lo so,,
12/12/2018 23.41.35,Medicina,No,Più si che no,Si,Lo farei per la leopardiana social catena,Si,Forum,Si,Libri,Efficace solidarietà ,,
12/12/2018 23.42.19,Economia,No,Più si che no,Non saprei,"Se fossero appunti che ho creato io vorrei che vengano pagati, se niece fossero appunti reperibili tra gli studenti non avrei problemi a passarli ",Si,Chat,Si,"Libri, Pc, Tablet",Che sia gratuito e lasci agli studenti la libera contrattazione,,
12/12/2018 23.48.19,Educazione e formazione,Si,Assolutamente si,Si,Solidarietà,Si,Chat,Si,Libri,"Serietà, rispetto, velocità e maggiore aiuto nello studio",,
12/12/2018 23.49.00,Medicina,Si,Assolutamente si,No,Perché vorrei che riguardassero solo un certo numero di studenti ,Si,Forum,Si,Libri,Utilità ,,
12/12/2018 23.52.32,Medicina ,No,Assolutamente si,Si,Solidarietà ,Si,Forum,Si,Libri,Facilità nello studio ,,
12/12/2018 23.54.37,Farmacia ,Si,Assolutamente si,Si,Aiuto reciproco ,Si,Forum,Si,Libri,Miglioramento dello studio ,,
12/12/2018 23.55.44,medicina,Si,Assolutamente si,Si,Dare e ricevere,Si,Chat,Si,Libri,Appunti efficaci ,,
12/12/2018 23.56.29,Farmacia,Si,Assolutamente si,Si,aiuto comune ,Si,Forum,Si,"Libri, Smartphone",velocità di comunicazione ,,
13/12/2018 0.04.58,Chimica,No,Assolutamente si,Si,Perche alcune volte sono fatti con molta attenzione e precisione ,Si,Forum,Si,"Libri, Pc, Smartphone, Tablet",Non saprei,,
13/12/2018 0.05.22,Medicina,Si,Assolutamente si,Si,Dare una mano sia a me stessa che agli altri studenti nello studio ,Si,Forum,Si,Libri,Che mi dia supporto nello studio ,,
13/12/2018 0.06.12,Farmacia,Si,Assolutamente si,Si,Il fatto che si potrebbe migliorare lo studio,Si,Forum,Si,"Libri, Pc",Serietà ,,
13/12/2018 0.08.49,Ingegneria ,Si,Assolutamente si,Si,Bene comune ,Si,Chat,Si,"Libri, Pc, Smartphone",Appunti ,,
13/12/2018 0.15.42,Scienze dell’educazione e della formazione,No,Assolutamente si,Si,Per solidarietà e per una reciprocità di aiuto.,Si,Chat,Si,Libri,Accessibilità ed aiuti concreti nel facilitare lo studio ,,
13/12/2018 0.16.24,Psicologia,Si,Assolutamente si,Si,Il fatto che se ognuno partecipa tutti si aiutano. ,Si,Chat,Si,"Libri, Smartphone",Più condivisione e più facilità nel reperire il materiale,,
13/12/2018 0.22.46,"Statistica, economia, finanza e assicurazioni",No,Assolutamente si,Si,La possibilità di aiutare ed essere aiutato,Si,Chat,Si,"Libri, Pc",Praticità e chiarezza,,
13/12/2018 0.27.41,Ingegneria Clinica ,No,Assolutamente si,Si,Unire le informazioni recepite a lezione con quelle dei miei colleghi che potrebbero aver colto altri dettagli ed aiutare chi non ha potuto seguire alcune lezioni per problematiche varie,Si,Chat,Non saprei,"Libri, Pc","collaborazione per migliore comprensione, ad maiora",,
13/12/2018 0.27.51,Facoltà di Architettura a Roma Tre ,No,Più si che no,Si,"Il bene collettivo nel superare gli esami, aiutandoci a vicenda tutti",Si,Chat,Si,Pc,"Una comunicazione con altri studenti che non si conoscono, finalizzata all’ottenimento di un unico obiettivo: superare l’esame in questione ",,
13/12/2018 0.37.41,Ingegneria Gestionale,No,Assolutamente si,Si,"Credo fermamente che la cultura e la conoscenza vada per prima cosa condivisa in modo da raggiungere più persone possibili che possano portare, con la loro individualità, a nuovi progressi e scoperte.",Si,Forum,Si,"Libri, Pc, Smartphone",Che sia gratuito,,
13/12/2018 0.39.22,Ingegneria,Si,Assolutamente si,Si,Solidarietà,Si,Forum,Si,Libri,Che prendo tutti 18,,
13/12/2018 0.41.36,Ingegneria clinica,No,Più si che no,Non saprei,Ingegneria è molto difficile,No,Chat,Si,"Libri, Pc",Che sia discreto oltre che utile,,
13/12/2018 0.43.50,Ingegneria informatica,Si,Assolutamente si,Si,La cooperazione tra studenti é importante,Non saprei,Chat,Si,"Libri, Pc",Tanta roba,,
13/12/2018 1.07.44,Farmacia ,Si,Assolutamente si,Si,Permettere di stare al passo più facilmente con lo studio ,Si,Chat,Si,"Libri, Pc, Smartphone",Rispetto dei tempi di pubblicazione del materiale,,
13/12/2018 1.16.39,SFA,Si,Assolutamente si,Si,Altruismo,Si,Chat,Si,Libri,Efficienza ,,
13/12/2018 1.30.38,"Ingegneria dell'informazione, informatica e statistica",No,Assolutamente si,Si,"Il rispondere ""stanno sul solito drive"" senza dover ogni volta stare li a inviare foto",No,Forum,No,"Libri, Pc",Ordine,,
13/12/2018 1.33.25,Ingegneria gestionale,No,Più si che no,Si,Boh ,Si,Chat,Non saprei,"Libri, Pc",BOH ,,
13/12/2018 1.40.17,Ingegneria gestionale ,Si,Assolutamente si,Si,La possibilità di scambiarli e averli in caso di bisogno o per eventuali chiarimenti su parti a me poco chiare,Si,Forum,Si,"Libri, Pc, Smartphone",Un grande aiuto per tutti,,
13/12/2018 2.04.35,Scienze dell'educazione e della formazione ,Si,Assolutamente si,Si,Aiutare gli altri in un momento di difficoltà ,Non saprei,Chat,Si,Libri,Mi aspetto solidarietà e aiuto da parte di tutti e per tutti ,,
13/12/2018 2.13.45,Ingegneria gestionale ,Si,Assolutamente si,Si,Il sapere è di tutti,Si,Forum,Non saprei,"Libri, Pc",Appunti gratis e di buona qualità e soprattutto inerenti al corso. ,,
13/12/2018 2.22.50,Sapienza Ingegneria Gestionale,Si,Assolutamente si,Si,Riceverli a mia volta,Si,Chat,Si,"Libri, Pc",Scambio di appunti tra gli studenti e un confronto per chiarirsi dubbi ecc ,,
13/12/2018 6.01.43,Ingegneria informatica ,No,Assolutamente si,No,Soldi,No,Forum,Non saprei,"Libri, Pc, Smartphone","Appunti chiari, anche a pagamento e un servizio di assistenza ",,
13/12/2018 6.36.46,Ingegneria,No,Più si che no,Non saprei,I miei appunti non sono comprensibili,Si,Forum,Non saprei,Pc,Che non vada in crash ogni 5 minuti,,
13/12/2018 6.58.24,farmacia,Si,Assolutamente si,Si,poter aiutare gli altri,Si,Chat,Si,Libri,un aiuto in più ,,
13/12/2018 7.06.26,Medicina,No,Assolutamente si,Si,Unione tra studenti ,Si,Chat,Si,Libri,Che funzioni,,
13/12/2018 7.10.24,Ingegneria informatica,No,Assolutamente si,Non saprei,La voglia di aiutare gli altri,Si,Chat,Non saprei,Pc,Un'applicazione dove poter prendere appunti di qualsiasi facoltà,,
13/12/2018 7.11.21,Ingegneria di Internet,No,Assolutamente si,Si,Condivisione della cultura ,Si,Chat,Non saprei,"Pc, Smartphone",Rapidità e funzionalità,,
13/12/2018 7.27.10,Farmacia,Si,Assolutamente si,Si,Riuscirei a studiare molto più velocemente,Si,Forum,Si,"Libri, Tablet",Appunti ben fatti e che non li debba ricontrollare ,,
13/12/2018 7.28.20,Ingegneria Meccanica ,Si,Assolutamente si,Si,Aiutare chi sta messo come me,Si,Chat,Si,"Libri, Pc",La facilità di uso ,,
13/12/2018 7.28.58,Farmacia,Si,Assolutamente si,Si,.,Si,Chat,Si,Pc,.,,
13/12/2018 7.37.54,Ingegnerka,Si,Assolutamente si,Si,Il fatto di spingere così altre persone a pubblicare i propri e aiutarci a vicenda,Si,Chat,Si,"Libri, Pc",Quello che promette,,
13/12/2018 7.45.57,Facoltà di scienze del'educazione,No,Più si che no,Non saprei,La consapevolezza di essere utile.,Si,Forum,Si,"Libri, Pc",Un'ottima funzionalità.,,
13/12/2018 7.53.29,Ingegneria unibs,Si,Assolutamente si,Si,Pensare che gli altri lo facciano,Si,Chat,No,Libri,Efficienza ,,
13/12/2018 7.57.38,Ingegneria industriale,No,Assolutamente si,Non saprei,La sicurezza che i miei dati vengano trattati con rispetto,Si,Chat,Si,"Libri, Pc","Precisione, sicurezza, velocità e serietà.",,
13/12/2018 7.59.06,Ingegneria Civile,No,Assolutamente si,Non saprei,Io aiuto te tu aiuti me.,Si,Chat,Si,"Libri, Smartphone",Vari esercizi spiegati passo per passo.,,
13/12/2018 8.00.05,Università degli studi di Genova,No,Assolutamente si,Non saprei,"Dipende molto da come vengono organizzati gli appunti..se si vuoi condividerli dovrebbero essere ordinati e precisi, perciò potrebbe essere anche contro producente sia da parte di chi dovrà pubblicarli perché li deve organizzare e da parte di chi li riceve perché dovrà visionare più materiale (oltre al suo intendo)",Si,Chat,Si,"Libri, Pc",Una buona suddivisione del materiale per materie e sotto argomenti,,
13/12/2018 8.03.39,Ingegneria informatica,No,Più no che si,Si,il sapere è di tutti,No,Non lo farei,Non saprei,"Libri, Pc, Smartphone",un rigido controllo sulla validità dei contenuti postati ,,
13/12/2018 8.06.18,Organizzazione e marketing per la comunicazione d’impresa,No,Assolutamente si,Si,Che anche gli altri potessero farlo,Si,Forum,Si,"Libri, Pc",Efficienza ,,
13/12/2018 8.11.36,Medicina ,No,Assolutamente si,Si,"Aiutare, anche se poco, chi ha difficoltà nel prendere appunti ",Si,Forum,Si,"Libri, Pc","Efficienza e serietà. Ordine nel caricare appunti e suddivisione in finestre per facoltà, e successivamente un’ulteriore suddivisione per argomento (o perché no anche per professore)",,
13/12/2018 8.12.01,"Scienze politiche, sociologia e comunicazione",No,Più si che no,No,Non lo farei,Si,Chat,Si,Libri,Efficienza ,,
13/12/2018 8.12.11,Medicina ,Si,Assolutamente si,Si,Condivisione,Si,Chat,Si,"Libri, Pc",Che sia funzionale ,,
13/12/2018 8.19.25,Farmacia ,Si,Assolutamente si,Non saprei,Un aiuto reciproco,Non saprei,Chat,Non saprei,Libri,Che gli appunti siano corretti,,
13/12/2018 8.19.27,Ingegneria Matematica,Si,Assolutamente si,Si,Sperare che per gli altri sia meno difficile che per.me,Si,Chat,Si,"Libri, Pc, Tablet",Open source,,
13/12/2018 8.33.39,Medicina,No,Assolutamente si,Non saprei,Il fatto che mi potrebbe risultare utile per appunti che potrebbero servirmi,Non saprei,Chat,Si,Libri,Una maggiore chiarezza degli argomenti da studiare per gli esami,,
13/12/2018 8.39.54,Ingegneria informatica ,Si,Più si che no,Non saprei,Non saprei ,Si,Forum,Si,"Libri, Pc",Agevolazione nello studio e nella preparazione agli esami ,,
13/12/2018 8.46.47,Ingegneria informatica,Si,Assolutamente si,Si,La condivisione,Si,Forum,Si,Libri,Semplicità,,
13/12/2018 8.47.12,Comunicazione,No,Più si che no,Non saprei,Non saprei,Non saprei,Chat,Non saprei,Libri,Non saprei,,
13/12/2018 8.50.56,Ingegneria informatica,No,Assolutamente si,Si,"Credo sia importantissima la condivisione delle informazioni e delle conoscenze in ogni ambito, senza condivisione non c'è progresso ^^",Non saprei,Forum,Si,"Libri, Pc","Che sia finalmente un mezzo universale gratuito per condividere gli appunti, e che non ci siano più mille piattaforme diverse e mille gruppi (tra i quali ci si perde sempre qualcosa)",,
13/12/2018 9.03.53,Medicina,No,Assolutamente si,Si,"Se non lo facessi, probabile mi sembrerebbe di sfruttare il lavoro degli altri studenti.",Si,Chat,Non saprei,"Libri, Pc, Smartphone",Un servizio di moderazione e controllo degli appunti (stile Wikipedia),Opzione 1,
13/12/2018 9.04.28,Psicologia,No,Assolutamente si,Si,Spirito di gruppo,Si,Non lo farei,Non saprei,Libri,Puntualità ,"Whatsapp, Dropbox, drive ","Whatsapp non è gestibile per 265 persone che parlano contemporanemante, trovo la messaggistica istantanea dispersiva in questi casi. Dropbox e drive se ben gestiti sono utili."
13/12/2018 9.04.40,LCLT,No,Assolutamente si,Non saprei,Se gli altri ricambiassero,Si,Chat,Si,"Libri, Pc",Più facilità e organizzazione nello studio,No,No
13/12/2018 9.09.47,Lettere e Filosofia,Si,Assolutamente si,Si,Aiuto reciproco,Si,Chat,Si,Libri,Efficienza,gruppi whatsapp,
13/12/2018 9.11.31,Ingegneria informatica,Si,Assolutamente si,Si,Aiuto reciproco,Si,Chat,Si,"Libri, Pc, Smartphone, Tablet","Possibilità di valutare gli appunti, suddividerli per materia e professore","No, uso One note, ma a livello personale e Google drive, ma che non è specifico","La condivisione è rapida e facile, ma non riesce a sviluppare una community concentrata sulla stessa situazione"
13/12/2018 9.25.11,Medicina ,Si,Assolutamente si,Si,Spirito di fratellanza ,Si,Forum,Si,"Libri, Pc",Appunti ,No,
13/12/2018 9.27.36,Scienze dell'educazione e della formazione ,Si,Assolutamente si,Si,Lo spirito di gruppo e la possibilità di aiutarci a vicenda ,Si,Forum,Si,"Libri, Pc",Efficacia e costanza,"Docsit, Studocu","I pro la condivisione degli appunti e riassunti, i contro la difficoltà di trovarne pochi delle materie del mio corso di studi"
13/12/2018 9.31.23,Lingue,Si,Assolutamente si,Si,Il fatto che sono sempre molto indietro con lo studio a causa del lavoro. Se qualcuno si trovasse nella mia situazione lo aiuterei,Si,Chat,Si,"Libri, Pc",Aiuto ,Nessuno,Non credo ci siano contro. 
13/12/2018 9.40.05,Comunicazione ,No,Assolutamente si,Si,Essere utile ,Si,Chat,Si,Pc,Un servizio dove è possibile scambiare le proprie conoscenze e condividere con gli altri,Non ne conosco ,Non uso servizi 
13/12/2018 9.42.16,"Lingue,  Culture, Letterature e Traduzione ",Si,Assolutamente si,Non saprei,Aiutare ed essere aiutata,Si,Forum,Si,"Libri, Pc, Smartphone",Collaborazione ,Gruppi Facebook\WhatsApp ,
13/12/2018 9.43.35,"Lingue, Culture, Letterature e Traduzione",No,Assolutamente si,Si,Lo spirito di condivisione,No,Chat,Si,Libri,Aiuto,Telegram,
13/12/2018 9.45.50,Lettere,Si,Assolutamente si,Si,Voler aiutare gli altri,Si,Forum,Si,Libri,Un aiuto con gli appunti,Le chat di whatsapp,
13/12/2018 9.54.32,Medicina e chirurgia ,Si,Assolutamente si,Non saprei,Aiutarsi,No,Forum,No,Libri,Che abbia materiale che serve davvero e non appunti incompleti o sbagliati o non esaustivi ,No,
13/12/2018 9.55.55,Ingegneria meccanica ,No,Assolutamente si,Si,Perché servirebbe anche a me,Non saprei,Forum,Si,Libri,Efficacia,No,
13/12/2018 10.01.09,Ingegneria,No,Assolutamente si,Non saprei,Prendo pessimi appunti,Si,Forum,Si,Pc,Purtroppo quasi nessuno vuole pubblicare i propri appunti per beneficenza,Principalmente video lezioni su Youtube,"PRO: liberta' di studiare come e quando vuoi. Trovare risposte a quasi tutte le tue domande.
CONTRO: illusione che seguire le lezioni sia inutile dato che hai gia' tutto in rete"
13/12/2018 10.06.52,ingegneria informatica e automatica,No,Assolutamente si,Si,nd,Si,Forum,Non saprei,"Libri, Pc",nd,nd,nd
13/12/2018 10.10.28,Ingegneria Informatica e Automatica,No,Assolutamente si,Si,"Tutti per uno, uno per tutti",Si,Chat,Si,"Pc, Smartphone","Che sia gratuito, magari con un apposita applicazione",Google drive ma non è un servizio specifico per questo,
13/12/2018 10.15.02,Lingue Culture Letterature Traduzioni,No,Assolutamente si,Si,L’aiuto reciproco,Si,Forum,Si,"Libri, Tablet",Maggiore facilità ad accedere a dei contenuti importanti per prepararsi agli esami,Whatsapp e Dropbox,
13/12/2018 10.17.50,Ingegneria Informatica e Automatica ,No,Assolutamente si,Si,La possibilità di poterci aiutare a vicenda,Si,Chat,Si,"Libri, Pc, Tablet",Disponibilità di materiale sempre aggiornato e possibilità di scaricarlo,Google drive ,
13/12/2018 10.21.23,Ingegneria,No,Più si che no,Si,La conoscenza deve essere libera,Si,Forum,No,"Libri, Pc",Non ho aspettative,No,
13/12/2018 10.25.29,Lingue culture letterature e traduzione ,No,Assolutamente si,Si,L’aiuto reciproco ,Si,Chat,Si,Libri,Collegamento istantaneo tra studenti ,No non li conosco ,
13/12/2018 10.34.26,Ingegneria informatica,Si,Più si che no,Si,Cercare di aiutare gli altri studenti sugli argomenti che non hanno capito,Si,Forum,Non saprei,"Libri, Pc",Interazione maggiore con gli studenti anche di altre università,No,
13/12/2018 10.34.37,ingegneria meccanica,Si,Assolutamente si,Si,Aiutare gli altri in ogni materia come i vari Cerroni ecc hanno aiutato noi in analisi con i loro video,Si,Chat,Non saprei,"Pc, Smartphone",Ordine e se gli appunti fossero delle foto che siano leggibili,se whats app non vale allora non ne conosco,non saprei
13/12/2018 10.40.21,TNPEE,Si,Assolutamente si,Si,l’empatia,Si,Chat,Si,Pc,che gli appunti siamo scritti bene,google drive,
13/12/2018 10.42.57,Economia ,Si,Assolutamente si,Si,aiutare e essere aiutato,Si,Chat,Si,Libri,che sia innovativo e semplice da usare ,No,
13/12/2018 10.48.25,Ingegneria Informatica,No,Assolutamente si,Non saprei,Un compenso,Si,Chat,Si,"Pc, Smartphone",Professionalità,"Dropbox, google drive, whatsapp, telegram",
13/12/2018 11.11.35,Giurisprudenziale ,Si,Più si che no,Non saprei,Aiutare,Si,Chat,Si,Libri,Facilità nel reperire appunti,No,No
13/12/2018 11.17.08,Ingegneria chimica,Si,Assolutamente si,Si,"Già passo i miei appunti a tutti, in cambio di una scannerizzazione che poi carico su un drive pubblico.",Si,Chat,Si,Tablet,"Beh, le aspettative sarebbero sulla mole di appunti necessario affinché sia un servizio utile. Bisogna invogliare i ragazzi a caricare appunti, anche economicamente","Tutored, skuola  , docucity","Gli appunti sono scarni, spesso 15 pagine costano 3 o 4 euro e sono gli appunti di una lezione sola (docucity e skuola), mentre tutored invece è semplicemente troppo poco usato almeno per quanto riguarda la mia facoltà"
13/12/2018 11.27.45,Scienze della comunicazione,Si,Assolutamente si,Si,Il fatto che se con i miei appunti posso aiutare qualcuno ,Si,Chat,Si,Libri,Che gli appunti siano accurato e leggibili e che il sito sia ben organizzato,No,
13/12/2018 11.31.34,Farmacia,No,Assolutamente si,Si,Perché ritengo sia utile poter confrontare o approfondire i propri appunti con quelli degli altri ,Si,Chat,Non saprei,Libri,"Un sito su cui poter prendere gli appunti di altri studenti, ciascuno accompagnato da una valutazione che indichi la qualità di questi ",No ,
13/12/2018 11.35.26,Ingegneria meccanica,Si,Assolutamente si,Si,Aiuto,Si,Chat,Si,"Libri, Pc",Che funzioni,No,No
13/12/2018 11.41.28,Farmacia,Si,Assolutamente si,Si,Il fatto che potrebbero servire anche a me,Si,Forum,Non saprei,"Libri, Pc",Un aiuto importante nello studio,No,
13/12/2018 11.41.29,farmacia ,No,Assolutamente si,Si,confrontarmi per capire cosa mi manca e cosa manca agli altri ,Si,Forum,Non saprei,Libri,avere appunti relativi alle materie che sto seguendo e la possibilità di confrontarmi per avere chiarimenti sugli appunti caricati,no non conosco,
13/12/2018 11.55.09,Farmacia ,No,Assolutamente si,Si,Credo che sia un servizio molto utile per tutti,Si,Chat,Si,"Libri, Pc",Che tutti abbiano a disposizione materiale didattico utile e accessibile in maniera semplice ,Non ne conosco ,
13/12/2018 12.00.53,Economia ,No,Più si che no,Si,Sperare di poter essere di aiuto,Si,Chat,Si,"Libri, Smartphone",Affidabilità ,No,
13/12/2018 12.03.44,Ingegneria Informatica,Si,Assolutamente si,Si,Aiutare altri che sono nella mia stessa situazione,Si,Chat,Non saprei,"Libri, Pc",Rapidità e praticità,No,
13/12/2018 12.10.17,Ingegneria Clinica,Si,Assolutamente si,Non saprei,Il buon senso,Si,Chat,Si,Libri,Massima serietà,Dropbox,
13/12/2018 12.12.33,Ingegneria informatica e automatica,Si,Assolutamente si,Si,Mi piace aiutare altri ,Si,Chat,Si,"Pc, Smartphone",Buu,Piazza.com,
13/12/2018 12.12.43,ingegneria clinica,No,Assolutamente si,Si,possono sempre essere utili,Si,Chat,Si,Libri,collaborazione,no,no
13/12/2018 12.22.34,automatica,Si,Assolutamente si,Si,aiutare gli altri,Si,Chat,Si,"Libri, Pc",appunti utili,No,
13/12/2018 12.23.50,Ingegneria clinica,No,Assolutamente si,Si,Aiuto reciproco,No,Forum,Non saprei,Libri,Studio facilitato,Dropbox,
13/12/2018 12.26.06,Ingegneria informatica ,No,Assolutamente si,Non saprei,Bo,Si,Chat,Non saprei,Libri,Bo,No,No
13/12/2018 12.28.50,Ingegneria informatica ,No,Assolutamente si,Non saprei,Sono disordinato Porcodio ,Si,Chat,Si,"Libri, Pc, Smartphone, Tablet",Tanta fregna ,Dropbox,"Pro:
Contro :"
13/12/2018 12.32.01,Ingegneria Informatica ,No,Assolutamente si,Si,Il fatto che collaborando con gli altri si potrebbero integrare appunti mancanti o argomenti non capiti (o più difficili) ,Si,Chat,Non saprei,"Libri, Pc","La possibilità di creare una community di studenti da tutta Italia e, perché no, la possibilità di coinvolgere anche professori disponibili a integrare/spiegare meglio gli appunti presi. ","Non ne conosco, purtroppo. Tendo ad usare Google Drive in caso di necessità. ",
13/12/2018 12.33.11,Ingegneria clinica ,No,Più si che no,Non saprei,Aiutare il prossimo ,Si,Chat,No,Libri,Velocità nella ricerca del materiale,No,
13/12/2018 12.38.09,scienze economiche,Si,Assolutamente si,Si,Condivisione,Si,Chat,Si,"Libri, Pc",Ampia scelta di appunti,No,No
13/12/2018 12.39.19,29931,No,Più no che si,No,Niente,No,Non lo farei,No,"Libri, Pc, Smartphone, Tablet","Niente, non avete spiegato cos'è. ",Sì.,Nessun cons.
13/12/2018 12.40.18,Medicina ,No,Assolutamente si,Si,Migliorare la situazione a tutti ,Si,Forum,Si,Libri,Migliorare la situazione a tutti ,"Drive, Mega ",Non ci sono contro 
13/12/2018 12.48.42,Giurisprudenza,No,Assolutamente si,Si,Sapere che anche gli altri lo fanno,Si,Chat,Si,"Libri, Pc",Che siano facilmente accessibili,No,
13/12/2018 13.01.13,Medicina ,No,Assolutamente si,Si,Vorrei che anche gli altri facessero lo stesso,Si,Forum,Si,"Libri, Tablet",Uno scambio di appunti veloce ed efficace ,Google drive,
13/12/2018 13.04.30,Economia ,Si,Più si che no,Non saprei,-,Si,Chat,Si,"Libri, Pc",Che renda più facile l’apprendimento di determinati argomenti,La chat di whatsapp del mio canale,"Chat di whatsapp,
Pro: scambio di informazioni tra ragazzi che stanno nel tuo stesso corso 
Contro: spesso si perdono informazioni per via dei numerosi messaggi (anche su argomenti non inerenti al percorso di studi) che non si riescono a leggere

Sito dei professori,
Pro: ci sono, molto probabilmente, gli esercizi che usciranno all’esame
Contro: a volte sono fatti male e non si capisce dove sono le vare informazioni"
13/12/2018 13.07.27,Ingegneria Informatica,Si,Assolutamente si,Non saprei,Riuscire ad aiutare gli altri in maniera concreta,Si,Forum,Si,"Libri, Pc",Che sia usato da persone che si applicano,No,
13/12/2018 13.08.34,Ingegneria Informatica,Si,Assolutamente si,Si,Non mi costa nulla,Si,Forum,Non saprei,"Libri, Pc",Non lo so,No,
13/12/2018 13.15.16,ingegneria aerospaziale ,Si,Non saprei,Non saprei,nulla,Si,Forum,Si,"Libri, Tablet",note e appunti detti solo a lezione ,dropbox degli studenti di ingaero ,i libri pesano ma ci si può annotare tutto. l’ipad è leggero ma non è adatto a studiarci a lungo. 
13/12/2018 13.32.29,Ingegneria civile ,No,Assolutamente si,No,. ,Si,Forum,Si,Libri,Risparmio di tempo per reperire materiale ,No,No
13/12/2018 13.37.54,Ingegneria gestionale ,Si,Più si che no,Non saprei,Soldi o sconti online,Si,Forum,Si,"Libri, Pc, Tablet",Portabilità e qualità ,Khan Academy,
13/12/2018 13.41.59,Farmacia e Medicina,No,Assolutamente si,Si,Il fatto che potrei essere io al loro posto,Si,Chat,Si,Smartphone,Mi aspetto che sia più facile reperire gli appunti delle spiegazioni dei prof senza dover pagare. Agevolare quindi chi è fuori sede o non può spostarsi per motivi di salute ,Sí Whatsapp,"Pro: puoi confrontarti con gli altri 
Contro: ripetono sempre le stesse domande"
13/12/2018 13.58.09,Moda,No,Assolutamente si,Non saprei,"Devono prestare attenzione alle lezioni e non cullarsi sugli altri, a meno che non siano assenti per motivi validi, li glieli passerei",Si,Forum,Si,Pc,Chiarezza,Il sito della mia università ,"Pochi appunti, però molto semplice da usare"
13/12/2018 13.59.06,La tua (Denis),No,Assolutamente si,Si,Non ho nulla da fare ,Si,Chat,Si,"Pc, Smartphone",Selezione sugli appunti e sul materiale su cui studiare,Drive,Drive roba anche futile e inutile suddivisione grossolana 
13/12/2018 14.05.51,ingegneria informatica e automatica,Si,Assolutamente si,Non saprei,scrittura,Si,Chat,Si,"Libri, Pc, Smartphone",miglioramento,youmath,
13/12/2018 14.07.30,Lingue,No,Assolutamente si,Si,Aoutare gli altri per ricevere aiuto,Si,Chat,Si,"Libri, Smartphone",Organizzazione estrema,no,no
13/12/2018 14.15.09,Facoltà di non rispondere,No,Assolutamente no,No,Qualche centinaio d’euro.,No,Non lo farei,No,Smartphone,Che non esista,Quali,Pro e contro
13/12/2018 14.23.47,Ing informatica,No,Assolutamente si,Si,Se tutti lo facessero si avrebbero sempre appunti di tutto,Non saprei,Forum,Si,"Libri, Pc, Tablet",Un più facile accesso ad appunti ed esercizi,Dropbox,Difficile cercare appunti
13/12/2018 14.38.17,Ingegneria Informatica,Si,Assolutamente si,Si,Condivisione e creazione di archivio disponibile a tutti,Non saprei,Chat,Si,"Libri, Pc",Semplicità e archivio fornito,Uso il Drive di facoltà,
13/12/2018 14.43.03,Roma 3,No,Più si che no,Si,Aiutare gli altri,Si,Forum,Non saprei,"Libri, Pc",Comunicazione ,No,
13/12/2018 14.59.52,Ingegneria,No,Più no che si,Si,Condivisione,No,Non lo farei,No,Libri,Maggiore accesso ad appunti,No,
13/12/2018 15.05.19,Geologia ,No,Più si che no,No,Perché sono miei,Si,Chat,Non saprei,Libri,Diversi modi nel riuscire ad ottenere appunti utili per lo studio ,No,
13/12/2018 15.07.52,Lettere e Filosofia,Si,Assolutamente si,Si,Non sarebbe ottimale avere un atteggiamento passivo e limitarsi a scaricare appunti.,Si,Forum,Si,"Libri, Pc, Tablet","Un'interfaccia semplice da utilizzare, chiara e un sistema di ricerca efficiente. Inoltre devo poter sapere i dettagli degli appunti pubblicati. Oltre al nome del corso e del professore che lo sostiene, anche l'anno accademico, vorrei sapere il corso di studi di chi ha preso gli appunti (molte lezioni sono pensate per più corsi). Potrebbe essere utile anche vedere un'anteprima degli appunti prima di scaricarli, così da selezionarli in modo migliore.","StuDocu, Docsity, ma non li ho mai usati.","Non uso servizi, se ho bisogno di recuperare degli appunti mi muovo all'interno della mia rete di conoscenze universitarie, risalendo magari ad appunti di conoscenti di conoscenti. Ovviamente questa modalità non è comoda ed è molto limitante. Sarebbe sicuramente bello disporre di una scelta più vasta, pur avendo la possibilità di avere (se necessario) un contatto più diretto con l'autore degli appunti "
13/12/2018 15.08.41,Ingegneria Roma 3 ,Si,Assolutamente si,Si,Il riceverli in cambio,Si,Chat,Non saprei,"Libri, Pc, Smartphone",Efficenza,Dropbox,"Appunti poco organizzati e a volte mancanti.
Esami passati sempre disponibili anche se senza soluzioni"
13/12/2018 15.16.35,Psicologia,Si,Assolutamente si,Non saprei,Perché vorrei che loro lo facessero per me,Non saprei,Chat,Si,Libri,Aiuto,No,No
13/12/2018 15.20.32,Lettre e Filosofia ,Si,Assolutamente si,Si,Potrebbero essere utili ad altri studenti .,Non saprei,Forum,Non saprei,"Libri, Pc, Smartphone","Maggior facilità nel reperire, usare e condividere appunti ed informazioni  di cui si può avere bisogno.",No,
13/12/2018 15.35.17,informatica,No,Più si che no,Non saprei,"se  è un aiuto reciproco sì , altrimenti no ",Non saprei,Chat,Non saprei,Pc,aiuto reciproco ,no,non so 
13/12/2018 15.42.41,Ingegneria informatica,Si,Assolutamente si,Si,Non mi costa nulla e aiuto gli altri,Si,Forum,Si,Libri,Disponibilità e serietà,Google drive,Contro: materiale incompleto e pro: meglio di nulla
13/12/2018 16.04.57,Lettere e Filosofia,No,Più si che no,Si,Empatia per il genere umano,Si,Forum,Non saprei,Libri,Comodità ,No,
13/12/2018 16.07.25,Lettere e Filosofia,Si,Assolutamente si,Si,L'utilità e la solidarietà ,Non saprei,Forum,Si,"Libri, Pc, Smartphone, Tablet",Facilità di reperire appunti,Non proprio,
13/12/2018 16.11.29,Informatica umanistica,No,Assolutamente si,Non saprei,i miei appunti non sono molto chiari solitamente,Si,Forum,Non saprei,"Libri, Pc",ci vorrebbe un sistema per verificare la validità degli appunti,no,
13/12/2018 16.14.30,Chimica,No,Assolutamente si,Si,Non mi costa nulla,Non saprei,Forum,Si,Libri,Qualità ,No,
13/12/2018 16.17.37,Ingegneria informatica,No,Assolutamente si,Non saprei,Soldi,Si,Forum,Si,"Pc, Smartphone, Tablet",Appunti e esercizi svolti,Google drive gestito dagli studenti,
13/12/2018 16.21.20,Ingegneria informatica ,No,Più si che no,Si,Mlmlmlmm,Si,Non lo farei,Si,"Libri, Pc",Tutto,Drive ,
13/12/2018 16.23.58,Linguistica,No,Più si che no,Si,Il poter offrire uno sforzo che ho fatto e non renderlo utile solamente ai fini del mio esame,Si,Forum,No,"Libri, Pc",Mi aspetto che coinvolga tutti i corsi e non solamente quelli principali,Non lo conosco,"Prendo appunti dal mio cerchio ristretto di amici ma in ogni caso preferisco utilizzare i miei, mi farebbe piacere condividerli però "
13/12/2018 16.26.34,Lettere,No,Assolutamente si,Si,Altruismo,Non saprei,Chat,Si,"Libri, Pc, Tablet",Accessibilità gratuita ,Academia.edu,
13/12/2018 16.43.13,Giurisprudenza,No,Più si che no,Si,Solidarietà,Si,Forum,Si,Pc,Fluidità,No,No
13/12/2018 16.43.32,Ingegneria ,No,Assolutamente si,Si,Aiuto reciproco ,Si,Chat,Si,"Libri, Pc",Archivio ben fornito,"Skuola.net ma molti sono a pagamento, meglio rendere tutto gratuito con inserimento di pubblicità ",
13/12/2018 16.46.06,Scinze cognitive,Si,Assolutamente si,Si,Scambio tra studenti ,Si,Forum,Si,Libri,Mi aspetto uno scambio di materiale didattico da appunti delle lezioni a testi potenzialmente utili,Non ne uso,
13/12/2018 16.47.34,Ingegneria meccanica,Si,Assolutamente si,Non saprei,Non saprei,Si,Forum,Non saprei,Libri,Maggiore disponibilità e varietà di appunti,No,
13/12/2018 16.55.53,Economia e Management ,Si,Assolutamente si,Non saprei,La collaborazione tra gli studenti,Si,Forum,Si,"Libri, Tablet",Mi aspetto che ci siano appunti disponibili per tutti e di consultarli se ne ho bisogno ,Google drive ,"Non c'è un forum/ community in cui poter interagire, condividere ""live"" gli appunti"
13/12/2018 17.13.39,Linguistica,Si,Assolutamente si,Si,Sapere che c'è un equo scambio di appunti/informazioni,Si,Chat,Non saprei,"Libri, Pc",La possibilità di scaricare appunti e di ottenere informazioni sugli esami ,No,
13/12/2018 17.16.50,Ingegneria,No,Assolutamente si,Si,La creazione di una libreria completa di file,Si,Forum,Non saprei,"Libri, Pc",Server efficienti e grande spazio di archiviazione,"Google drive, Dropbox, ",
13/12/2018 17.17.59,Linguistica,No,Più si che no,Si,Condividere è sempre bello,Si,Forum,Si,"Libri, Pc",Un'efficace organizzazione secondo precisi e diversi parametri,Docsity,Non uso alcun servizio
13/12/2018 17.25.05,Medicina,No,Più si che no,Non saprei,Bisogna essere sicuri che ciò che si manda sia giusto altrimenti lavoro inutile,Si,Forum,Si,Libri,Precisione e rapidità ,Google drive,È intuitivo e non dispersivo. Si tratta di un gruppo ristretto di persone che ripongono fiducia negli appunti proprio e degli altri
13/12/2018 17.26.05,Economia,No,Assolutamente si,Si,Sperare che venga ricambiato il favore,Si,Forum,Si,"Libri, Pc",Appunti organizzati e facilmente accessibili,Google docs,"È più un lavorare su un documento intero, sarebbe meglio avere “sezioni” per aggiungere i singoli esercizi/argomenti,m"
13/12/2018 18.12.20,Informatica,Si,Assolutamente si,Si,Buona volontà ,Non saprei,Forum,Si,"Libri, Pc",Gratuità,No,No
13/12/2018 18.12.55,Economia,No,Assolutamente si,Non saprei,Dovrebbe esserci un qualche tipo di ritorno ovviamente,Non saprei,Chat,Si,Tablet,"Semplicità d'accesso, niente fee mensili/annuali. Preferirei avesse la pubblicità piuttosto che pagare la piattaforma",No,
13/12/2018 18.22.26,Informatica,No,Assolutamente si,Si,Help => Help,Si,Chat,Si,"Pc, Smartphone",Di trovare facilmente appunti abbastanza aggiornati dei corsi che frequento,Socialnotes.eu,"Pro: cartelle divise per corso, si trova tutto easy.
Cons: non sempre è aggiornato all'ultimo anno"
13/12/2018 18.26.18,Citem,No,Assolutamente si,Non saprei,"Interscambio 
",Non saprei,Forum,Si,"Libri, Pc",La Sapienza,No,
13/12/2018 18.36.33,Ingegneria dell'automazione ,Si,Assolutamente si,Non saprei,"Aiutarli
",Non saprei,Forum,No,"Libri, Pc, Tablet",Interazione con altri studenti ,Non ne conosco,Poca interazione o nessuna
13/12/2018 18.45.28,Ingegneria Informatica,Si,Assolutamente si,Si,Solidarietà,Non saprei,Forum,No,"Pc, Tablet",Ma che ne so,No,
13/12/2018 18.49.18,Ingegneria informatica,Si,Assolutamente si,Si,Penso che se tutti lo facessimo ci aiuteremo tutti insieme,Si,Forum,Si,"Libri, Pc",Che dia agli studenti un modo semplice per reperire dispense e chiarimenti,Piazza,
13/12/2018 18.49.47,Ingegneria ,No,Non saprei,Si,Il fatto che i miei appunti non venissero sprecati una volta fatto il mio esame,Si,Chat,Non saprei,Pc,non saprei,no,
13/12/2018 19.09.27,Interior Design,Si,Assolutamente si,Si,Sapere che anche altri sono disposti a condividere ,Si,Chat,Si,"Libri, Pc",Di poter trovare informazioni utili o poterle chiedere ,No,Non ne uso
13/12/2018 20.14.33,Ingegneria,No,Assolutamente si,Si,Aiuto reciproco,No,Non lo farei,Si,"Libri, Pc, Smartphone",Affidabilità,Non ne conosco,
13/12/2018 20.17.23,Ingegneria Informatica,No,Più si che no,Si,L'aiutare gli altri per poter avere in cambio aiuto,Si,Forum,Si,"Libri, Pc","Un'approfondita conoscenza delle materie grazie alla fusione degli appunti di più studenti, che colmano l'un l'altro le proprio lacune",No,
13/12/2018 20.18.57,Ingegneria,No,Assolutamente si,Si,Un caffè,Si,Non lo farei,Si,"Libri, Pc",Accessibilità gratuita,Docsity,
13/12/2018 20.20.30,Ingegneria biomedica ,No,Assolutamente si,Si,Semplicemente aiutare gli altri come vorrei essere aiutata ,Si,Chat,Si,"Libri, Pc",Che mi siano fornite informazioni che ancora non ho ,No,
13/12/2018 20.20.38,Ingegneria,No,Più si che no,Non saprei,Lo farei se la condivisione fosse reciproca,Si,Chat,Non saprei,Libri,Non saprei,"No, al massimo scambio di foto su Whatsapp",
13/12/2018 20.20.56,ingegneria\,No,Assolutamente si,Si,come ho bisogno io hanno bisogno gli altri,Si,Chat,Non saprei,Pc,che probabilmente non funzioni o verra fatto male,no,no
13/12/2018 20.21.05,Ingegneria informatica,No,Assolutamente si,Si,Il fatto di aiutare chi ne ha bisogno ,Si,Chat,Si,"Libri, Pc, Tablet",.,Drive ,Mi adatto 
13/12/2018 20.23.47,Biotecnologie,Si,Assolutamente si,Si,Avere la possibilità di ricevere quelli degli altri,Si,Chat,Si,"Libri, Pc, Smartphone",Appunti aggiornati e completi,No,
13/12/2018 20.24.12,Ingegneria elettronica ,No,Assolutamente si,Si,Sapere che aiutano qualcuno a passare un esame,Non saprei,Chat,Si,"Libri, Smartphone",Condivisione semplice senza troppe complicazioni ,No,No
13/12/2018 20.24.32,Ingegneria biomedica ,No,Più si che no,Si,Altruismo ,Non saprei,Chat,Non saprei,Libri,Attendibilità ,No,
13/12/2018 20.24.47,Ingegneria informatica ,Si,Assolutamente si,Si,Il fatto che altri studenti possano fare lo stesso per me ed aiutarmi ,Non saprei,Chat,Si,Libri,Maggior disponibilità ,No,
13/12/2018 20.25.23,Biologia,Si,Assolutamente si,Si,Pensare che al loro posto mi farebbe piacere,Non saprei,Chat,Si,Libri,Completezza,Foto su whatsapp,
13/12/2018 20.25.33,Biologia,No,Assolutamente si,Si,Solidarietà tra studenti ,Non saprei,Chat,Non saprei,Libri,Che si possano trovare appunti dettagliabili e attendibili per tutte le materie dei corsi di studio,No,
13/12/2018 20.25.42,Ingegneria biomedica,No,Assolutamente si,Si,Non so,Si,Chat,Non saprei,Libri,La creazione di una piattaforma di condivisione,Moodle di ateneo,
13/12/2018 20.25.54,Biologia,No,Assolutamente si,Si,Aiutare gli altri mi piace quando mi e possibile farlo,Non saprei,Chat,Si,Libri,Aiutare e ricevere un aiuto,No,Troppi fogli per casa come contro. Il pro e il poter scrivere comodamente a fianco come aggiunta su slide/appunti
13/12/2018 20.26.27,Biologia ,Si,Assolutamente si,Si,L’essere utile ad altri studenti ,Si,Chat,Si,Libri,Che sia facile procurarsi appunti di ogni argomento,No,
13/12/2018 20.26.36,Biotecnologie,Si,Assolutamente si,Si,Il fatto che mi piacerebbe essere aiutata nello stesso modo in cui io posso aiutare gli altri ,Si,Chat,Si,"Libri, Pc",Precisione,No,
13/12/2018 20.26.39,Biologia,No,Più si che no,No,Non ho voglia che gli altri scrocchino,Si,Chat,Non saprei,Libri,NC,No,No
13/12/2018 20.26.47,Biotecnologie,No,Assolutamente si,Si,Empatia,Si,Chat,Non saprei,"Libri, Tablet",Efficienza,No,Non li uso
13/12/2018 20.26.50,Biologia,No,Assolutamente si,Si,Penso che i miei appunti siano presi bene,Si,Chat,Si,"Libri, Pc",Aiuto reciproco,No,
13/12/2018 20.27.09,Biologia,Si,Assolutamente si,Si,Perché è giusto e utile aiutarsi a vicenda,Non saprei,Forum,Si,"Libri, Pc, Tablet",Utilità,No,
13/12/2018 20.27.20,Biotecnologie,Si,Assolutamente si,Si,Darsi un mano a vicenda,Si,Chat,Non saprei,"Libri, Smartphone",Appunto attendibili,No,"Appunti trovati online, non attendibili"
13/12/2018 20.28.11,Ingegneria biomedica,No,Assolutamente si,Non saprei,Boh,Si,Forum,No,"Libri, Smartphone, Tablet",Appunti liberu,No,
13/12/2018 20.28.14,Biologia,No,Assolutamente si,Non saprei,Lo sperare che altre persone facciano come me ,Si,Forum,No,Libri,Un Cloud di appunti e un forum per chiarimenti.,No,
13/12/2018 20.28.33,Biotecnologie ,No,Più si che no,Si,Voglio aiutare gli studenti in difficoltà ,Si,Chat,Si,Libri,Trovare appunti ed esercizi con facilità ,No,Non ne uso 
13/12/2018 20.28.36,Biologia,No,Assolutamente si,Si,Penso sia importante aiutarsi a vicenda,Si,Chat,Si,"Libri, Pc, Smartphone, Tablet","Uso tutti e quattro e li trovo utili tutti. Da pc smartphone e tablet mi aspetto di trovare app ben organizzate per file di scrittura ma anche per la condivisione, come effettivamente é","Si, Google Drive",I servizi che uso sono utilissimi sia per cercare in internet informazioni che possono servirmi che per scrivere i miei appunti e condividerli. Avrei da lamentarmi sul costo per esempio di office 365 ma dato che l'università dà la possibilità di averlo gratis il problema non si pone per gli universitari.
13/12/2018 20.28.45,Ingegneria biomedica,No,Più si che no,Non saprei,Non saprei ,Si,Forum,Si,Libri,Condivisione di conoscenze,Moodle ,
13/12/2018 20.29.07,Biologia,Si,Assolutamente si,Si,"Il fatto che se avrò bisogno di qualche appunto spero che qualcuno lo abbia caricato, come ho fatto io ",Si,Chat,Si,"Libri, Tablet",L’aver la possibilità di capire vari argomenti se non li ho compresi dal libro e/o a lezione ,No,No 
13/12/2018 20.29.24,Biotecnologie,Si,Assolutamente si,Si,Un sistema di condivisione e creazione appunti efficiente,Si,Chat,Si,"Pc, Smartphone",Accessibilitá multipiattaforma,No,
13/12/2018 20.29.29,Ingegneria biomedica,Si,Assolutamente si,Si,Dare qualcosa per ricevere qualcos’altro in cambio che possa essermi utile,Non saprei,Chat,Non saprei,"Libri, Pc",Che sia utile e abbastanza rispondente a ciò che cerco,No ,
13/12/2018 20.29.39,Informatica,Si,Assolutamente si,Si,"Incentivare lo scambio di risorse, nella speranza che possa trarne un beneficio in prima persona",Non saprei,Forum,No,"Libri, Smartphone","Sistema facile è chiaro di ricerca, suddivisione delle risorse per tipologia",Mega,Poca interazione tra gli studenti
13/12/2018 20.29.52,Ingegneria Informatica,Si,Assolutamente si,Non saprei,La possibilitá di confrontarmi con gli appunti degli altri,Si,Forum,Si,Pc,Che sia veloce e intuitivo,No,
13/12/2018 20.30.18,Biologia,Si,Assolutamente si,Si,Sapere che qualcuno potrebbe trarne beneficio e fare lo stesso quindi avere un potenziale beneficio,Si,Chat,Non saprei,"Libri, Pc, Smartphone",Che i vari appunti trattino argomenti molto diversificati in modo schematico o anche abbastanza approfondito (non solo semplici riassuntini) e che siano in qualche modo certificati almeno a livello superficiale,Non ne uso,
13/12/2018 20.31.40,Biotecnologie ,Si,Assolutamente si,Si,Solidarietà ,Non saprei,Chat,Si,"Libri, Pc, Tablet",Completezza,No,
13/12/2018 20.32.00,Informatica ,Si,Assolutamente si,Non saprei,/,Si,Forum,Si,Pc,Facilità e velocità nel reperire il materiale necessario ,Telegram ,
13/12/2018 20.34.10,Informatica,No,Assolutamente si,Si,Il fatto che anche altri lo farebbero,Si,Chat,Si,"Libri, Pc",Efficienza e velocità nel reperimento delle informazioni,No,
13/12/2018 20.34.49,Ingegneria biomedica ,No,Assolutamente si,Si,Social catena,Si,Forum,Non saprei,"Libri, Pc",Solidarietà e conforto,Doc city,
13/12/2018 20.35.30,Biotecnologie,Si,Assolutamente si,Si,"Se io sono in difficoltà è utile trovare degli esercizi in modo semplice e veloce, è un modo per ricambiare il favore",Si,Non lo farei,Si,Libri,"Che sia veloce, chiaro e facile da consultare",No,
13/12/2018 20.35.59,Ingegneria informatica,No,Assolutamente si,Si,Condivisione e aiuto reciproco,Si,Chat,Si,"Libri, Pc, Smartphone",Una metodologia semplice e liberamente accessibile,Chat varie o Google drive,"Non sempre è facile organizzare e ritrovare istantaneamente gli appunti, anche se il metodo di caricamento e condivisione è veloce e gratuito"
13/12/2018 20.36.25,Ingegneria informatica,Si,Assolutamente si,Si,Decentralizzazione,Si,Forum,Si,"Libri, Pc",Ordine,I vari drive,"Hanno un sistema di memorizzazione centralizzato, se la persona che ha creato la cartella, la cancella, nessun altro utente può recuperarla"
13/12/2018 20.36.37,Biologia,Si,Assolutamente si,Si,Il fatto che mi farebbe piacere che altri lo facessero per me,Si,Chat,Si,Libri,Un ausilio nel caso mi fossi perso qualcosa a lezione o non sia potuto andare.,No,
13/12/2018 20.37.25,Biotecnologie,Si,Assolutamente si,Si,Ritengo l'iniziativa utile,Non saprei,Chat,Si,Libri,Appunti corretti,No,Non uso questi servizi attualmente
13/12/2018 20.39.39,Ingegneria informatica,No,Più si che no,Si,Mi renderei utile a persone che si trovano in difficoltà,Si,Forum,Si,"Libri, Pc, Smartphone","Che ci sia una sorta di classifica degli appunti più scaricati con la possibilità di lasciare una recensione del tipo ""utile""/""non utile""",No,
13/12/2018 20.39.55,biologia,No,Non saprei,No,niente,Non saprei,Non lo farei,Non saprei,"Libri, Pc",aiuto ai piu deboli ,non ne uso,
13/12/2018 20.40.19,Biotecnologie,Si,Più si che no,Non saprei,Per aiutarli,Si,Chat,Si,"Libri, Pc",Rispetto,No,Alcuni non fanno niente e aspettano gli altri
13/12/2018 20.40.42,Biotecnologie,No,Assolutamente si,Si,Soldi,Si,Chat,Si,"Libri, Tablet",Utile,No,
13/12/2018 20.41.15,Biologia,No,Assolutamente si,Si,Cosa mi dovrebbe spingere a non farlo?,Si,Chat,Si,"Libri, Pc","La possibilità di creare file di appunti, salvarli in un cloud e condividerli con chi voglio.",Google Drive,
13/12/2018 20.42.12,Biotecnologie ,No,Assolutamente si,Si,Dare una mano agli altri,No,Non lo farei,Si,"Libri, Pc, Smartphone",Chiarimenti e chiarezza,No,
13/12/2018 20.42.39,Biotecnologie ,Si,Assolutamente si,Si,Lo scambio reciproco di informazioni utili a tutti ,Si,Forum,Si,"Libri, Pc","Che sia organizzato, pratico e disponibile su tutti i device ","Dropbox, gruppi Facebook","Dropbox: la creazione di una cartella condivisa non e veloce e immediata
Facebook: le informazioni caricate sono dispersive data la poca possibilità di organizzazione disponibile (cartelle, successione cronologica del materiale, ecc.) "
13/12/2018 20.42.56,Ingegneria informatica,No,Più no che si,Non saprei,Aiutare,Si,Non lo farei,Si,"Libri, Pc",L'interattività nella consultazione ,No,
13/12/2018 20.44.10,Ingegneria Biomedica ,No,Assolutamente si,Non saprei,Nulla di speciale ,No,Chat,Si,"Libri, Pc, Tablet",Organizzazione ,Uniwhere (?),
13/12/2018 20.44.22,Biotecnologie ,Si,Assolutamente si,Si,Aiuto comune ,Si,Forum,Si,"Libri, Pc",Aiuto,No,
13/12/2018 20.44.49,Informatica,Si,Assolutamente si,Si,Sapere che altri faranno lo stesso e io potrò usare i loro,Non saprei,Forum,Si,"Pc, Smartphone",Organizzazione e semplicità di ricerca,Moodle dell'università,
13/12/2018 20.46.31,Ingegneria dell'informazione,No,Non saprei,No,Scrivo male,Si,Chat,Non saprei,"Libri, Pc",Affidabilità,One note,Nessuno in particolare
13/12/2018 20.47.33,Biotecnologie,Si,Assolutamente si,Non saprei,Che lo facessero tutti,Si,Chat,Si,"Libri, Pc",.,No,No
13/12/2018 20.49.36,Biotecnologie,No,Assolutamente si,No,"La possibilità di condividere i miei appunti con un gruppo limitato di persone, da me scelto",Non saprei,Non lo farei,Si,"Libri, Pc",Facilità d'uso e che non sia una piattaforma sulla quale sia semplice creare conversazioni fuori tema che possano distrarre dal reale obbiettivo,"No, attualmente uso solo il drive di Google per condividere appunti inseriti e poi rimossi dall'insegnante",
13/12/2018 20.49.43,Giurisprudenza,Si,Assolutamente si,Non saprei,La molteplicità di utenti che pubblicano ,Si,Forum,Si,Libri,Condivisione di appunti ,"Si , docsity",
13/12/2018 20.50.54,Ingegneria biomedica ,Si,Assolutamente si,Si,/,Si,Chat,Si,Libri,/,No,
13/12/2018 20.54.04,Biologia,Si,Assolutamente si,Si,Altruismo,Si,Forum,Si,Libri,Conoscere altri ragazzi ed aiutarci a vicenda,No,
13/12/2018 20.56.00,Ingegneria informatica,No,Assolutamente si,Si,Per aiutare gli altri,Si,Forum,Si,"Libri, Pc","Comodità, Avere risposte a dubbi",No,
13/12/2018 20.56.30,Scienze Informatica,No,Assolutamente si,Si,"Io do del mio, e ricevo quello che magari mi è sfuggito",Si,Chat,Si,Tablet,Un incremento della possibilità di delucidazioni semplici e da più punti di vista,Onenote,
13/12/2018 20.57.01,Biotecnologie,Si,Assolutamente si,Si,La condivisione,Si,Chat,Non saprei,"Libri, Pc",Una maggior velocità nel recuperare gli appunti o gli argomenti non chiari,No,
13/12/2018 20.57.23,Biologia ,No,Assolutamente si,Si,Perché se avessi bisogno io avrei piacere di trovarli,Si,Forum,Si,"Libri, Pc",Facile e veloce,No,
13/12/2018 20.57.29,Biotecnologie,No,Più si che no,Si,"La possibilità di poter scambiare, dare appunti e riceverne",Non saprei,Chat,Si,"Libri, Pc",Che sia ben organizzato e semplice da usare,Non ne uso,
13/12/2018 20.59.31,Moda,No,Assolutamente si,Non saprei,"Devono prestare attenzione alle lezioni e non cullarsi sugli altri, a meno che non siano assenti per motivi validi, li glieli passerei",Si,Forum,Si,Pc,Chiarezza,Il sito della mia università ,"Pochi appunti, però molto semplice da usare"
13/12/2018 21.00.02,Biotecnologie ,Si,Assolutamente si,Non saprei,Ricevere appunti di lezioni in cui ero assente in cambio,Si,Chat,Si,"Libri, Pc","Immediatezza, utilità e onestà ",Whatsapp (???),
13/12/2018 21.00.47,Biologia,Si,Assolutamente si,Si,Alleanza tra studenti,Si,Chat,Si,Libri,Poter studiare più facilmente,No,
13/12/2018 21.04.29,Ingegneria elettronica,No,Assolutamente si,Si,Poter dare una mano e permettere un confronto costruttivo a tutti,Si,Chat,Non saprei,"Libri, Pc","Confronti, chiarimenti e trucchi del mestiere",No,
13/12/2018 21.08.39,Ingegneria Biomedica,No,Più si che no,Non saprei,"Non sono del tutto convinta perché alcune persone ne approfitterebbero e basta, sfruttando altri che sgobbano.",Si,Non lo farei,Si,Libri,Collaborazione,No,
13/12/2018 21.25.46,Ingegneria,Si,Assolutamente si,Si,La consapovelezza che se a me potrebbero servire gli appunti di qualcun altro questo potrebbe essere reciproco,Non saprei,Forum,Si,"Libri, Pc",.,No,
13/12/2018 21.26.08,Informatica,Si,Più si che no,Non saprei,Poter ottenere risposte e indicazioni,Si,Chat,Non saprei,"Libri, Tablet",Scambio di informazioni,"Gruppi Telegram FIUP (Futuri Informatici Università Padova), gruppi WhatsApp vari",
13/12/2018 21.31.02,Biologia,No,Assolutamente si,Si,Puro cameratismo,Si,Chat,Si,"Libri, Smartphone",Che renda più facile reperire appunti (e/o registrazioni) delle lezioni ,No,
13/12/2018 21.35.06,Ingegneria informatica ,No,Assolutamente si,Si,Il fatto che siamo tutti sulla stessa barca e inoltre non penso che si guadagni qualcosa dai fallimenti altrui,Si,Forum,Si,"Libri, Pc, Smartphone",Condivisione e accesso facilitato a varie risorse,No,Attualmente non ne faccio utilizzo
13/12/2018 21.35.16,Biotecnologie,No,Assolutamente si,Si,Condividere appunti permetterebbe a tutti di migliorare lo studio ,Si,Chat,Si,Libri,Informazioni ulteriori rispetto a quelle che riesco a captare a lezione ,No,
13/12/2018 21.37.00,Ingegneria dell'Informazione ,No,Assolutamente si,Si,Siamo tutti sulla stessa barca,Si,Chat,Si,"Libri, Pc, Smartphone",Che migliori l'esperienza universitaria ,Docsity,È a pagamento 
13/12/2018 21.39.59,Psicologia e Salute ,No,Assolutamente si,Si,"La possibilità di aiutare gli altri, ma avrei paura di non essere totalmente affidabile nei contenuti dei miei appunti",Non saprei,Chat,Non saprei,Libri,Un ulteriore supporto allo studio ,No non ne uso ,Si
13/12/2018 21.54.10,Economia,Si,Assolutamente si,Non saprei,"Aiutare gli altri,se trovo anche io utilità ",Non saprei,Forum,Non saprei,Libri,Facilitazione nello studio,No,
13/12/2018 22.01.44,Scienze informatiche ,Si,Assolutamente si,Si,Aiutare gli altri,Non saprei,Chat,Si,"Libri, Pc",Collaborazione e utilità ,No,
13/12/2018 22.14.14,Biologia,No,Più si che no,Si,Condivisione,Si,Chat,Non saprei,"Libri, Pc",Appunti delle lezioni non frequentate,Si whatsapp ,
13/12/2018 22.15.20,Ingegneria biomedica ,No,Assolutamente si,Non saprei,La possibilità di accedere a contenuti in più ,Non saprei,Forum,No,Libri,Collaborazione ,No,
13/12/2018 22.29.36,Ingegneria,Si,Più si che no,Si,Dare la possibilità a chi non possa seguire alcune lezioni per problemi di mobilità (ad esempio) di recuperare senza troppi problemi,No,Forum,Si,Pc,"Libero accesso ad appunti di varie materie, possibilità di ""seguire"" studenti che hanno pubblicato appunti/eserciziari rivelatisi molto utili, ma senza che questo comporti il contattarli direttamente o disturbarli eccessivamente",No,
13/12/2018 22.34.21,Ingegneria biomedica,Si,Assolutamente si,Si,Solidarietà,Si,Chat,Si,Libri,Di riuscire a recuperare appunti che non sono riuscita a prendere e di potermi confrontare con gli altri anche sugli esercizi,No,
13/12/2018 22.37.31,Ingegneria informatica ,No,Assolutamente si,Si,La condivisione aiuta molto,Si,Forum,Si,"Libri, Pc, Smartphone","Chiarezza ed organizzazione degli appunti per corso, professori ecc.. ",No,
13/12/2018 22.38.01,Informatica,No,Assolutamente si,Si,Soldi,Non saprei,Chat,Si,"Libri, Pc, Smartphone",Che sia fluido efficiente e gratuito,No,No
13/12/2018 22.45.30,Ingegneria clinica,Si,Assolutamente si,Si,Il voler aiutare ,Non saprei,Forum,Si,"Libri, Pc",Funzionalità ,No,
13/12/2018 22.46.30,Biologia,No,Assolutamente si,Si,Così ho la possibilità di verificare la correttezza dei miei appunti,Si,Forum,Si,"Libri, Pc",Che sia facile da usare e permetta anche un raggruppamento in materie,No,
13/12/2018 22.46.59,Ingegneria Clinica,No,Più si che no,Si,Se ho appunti corretti possono essere di aiuto per tutti,Si,Forum,Non saprei,Libri,*,Whatsapp ,
13/12/2018 22.47.23,Ingegneria clinica ,Si,Assolutamente si,Si,"Come io offro i miei appunti, gli altri offriranno i loro, no? Aiuto reciproco ",No,Forum,No,Smartphone,Una reperibilità maggiore di esercizi svolti e appunti delle lezioni ,Dropbox,"Dropbox è poco utilizzato, di conseguenza poco fornito "
13/12/2018 22.49.57,Ingegneria,No,Più si che no,No,Gli appunti non sostituiscono il manuale ,Si,Forum,Non saprei,Libri,Veloce scambio di esercizi,Non li conosco e non li uso,
13/12/2018 22.54.47,Ingegneria dell’informazione ,No,Più si che no,Non saprei,Condividere le informazioni in gruppo,Si,Chat,Non saprei,Libri,Aiuto con gli esercizi delle tipologie degli esami,No,No
13/12/2018 22.57.27,Ingegneria clinica ,No,Non saprei,Si,Aiutare gli altri non mi toglierebbe nulla ,Non saprei,Non lo farei,Non saprei,Libri,Non saprei ,No,Studiare dai propri appunti reputo sia la cosa migliore perché ognuno ha il proprio “schema” d’apprendimento 
13/12/2018 22.58.52,Ingegneria Clinica,No,Assolutamente si,Si,La volontà di dare una mano a miei colleghi ,Si,Forum,Si,"Libri, Pc, Smartphone",Un miglioramento del rendimento di tutti ,Dropbox,
13/12/2018 22.59.47,Ingegneria,Si,Assolutamente si,Si,Migliorare le cose,Si,Forum,Si,"Libri, Pc",Efficienza e possibilità di interazione ,Docsity,Non si trovano molte cose e spesso sono a pagamento
13/12/2018 23.26.53,Ingegneria clinica,No,Assolutamente si,Si,È giusto condividere è di mutuo beneficio ,Si,Forum,Non saprei,Libri,Chiarezza e puntualità degli appunti ,No,Non li uso
13/12/2018 23.53.49,Linguistica,No,Assolutamente si,Non saprei,La volontà di aiutare gli altri.,Si,Forum,Non saprei,Libri,Mi aspetto che vi sia un contributo proporzionale di tutte le parti componenti.,No.,
14/12/2018 1.21.51,Farmacia ,Si,Assolutamente si,Si,.,Si,Chat,Si,Libri,.,No,
14/12/2018 8.11.29,Ingegneria biomedica,No,Più si che no,Non saprei,Non saprei ,Si,Forum,Si,Libri,Condivisione di conoscenze,Moodle ,
14/12/2018 8.12.52,Padova,Si,Più si che no,Non saprei,Non so,Si,Chat,No,Libri,Che il materiale sia facilmente accessibile e che chi pubblica appunti riceva un compenso ,No,No
14/12/2018 10.07.28,Ing. chimica,No,Più si che no,Non saprei,Non lo so,Si,Chat,No,Libri,Esercizi svolti ,No,Esercizi svolti 
14/12/2018 10.23.52,Informatica,No,Assolutamente si,Si,Il poter aiutare chi non ha avuto modo di prendere appunti,Si,Chat,Si,"Libri, Pc",Velocità di condivisione,No,
